"DEPARTAMENTO","MUNICIPIO","CODIGO DANE","ARMAS MEDIOS","FECHA HECHO","GENERO","GRUPO ETARÍO","DESCRIPCIÓN CONDUCTA","CANTIDAD"
"QUINDÍO","Calarca","63130000","NO REPORTADO","20/11/2018","MASCULINO","NO REPORTADO","ARTÍCULO 109. HOMICIDIO CULPOSO ( EN ACCIDENTE DE TRÁNSITO)","1"
"QUINDÍO","Calarca","63130000","NO REPORTADO","06/07/2021","MASCULINO","NO REPORTADO","ARTÍCULO 109. HOMICIDIO CULPOSO ( EN ACCIDENTE DE TRÁNSITO)","1"
"QUINDÍO","Calarca","63130000","NO REPORTADO","16/07/2021","MASCULINO","NO REPORTADO","ARTÍCULO 109. HOMICIDIO CULPOSO ( EN ACCIDENTE DE TRÁNSITO)","1"
"QUINDÍO","Calarca","63130000","NO REPORTADO","19/07/2021","MASCULINO","NO REPORTADO","ARTÍCULO 109. HOMICIDIO CULPOSO ( EN ACCIDENTE DE TRÁNSITO)","1"
"QUINDÍO","Calarca","63130000","NO REPORTADO","26/01/2022","MASCULINO","NO REPORTADO","ARTÍCULO 109. HOMICIDIO CULPOSO ( EN ACCIDENTE DE TRÁNSITO)","1"
"QUINDÍO","Calarca","63130000","NO REPORTADO","10/01/2022","MASCULINO","NO REPORTADO","ARTÍCULO 109. HOMICIDIO CULPOSO ( EN ACCIDENTE DE TRÁNSITO)","1"
"QUINDÍO","Calarca","63130000","NO REPORTADO","13/04/2022","MASCULINO","NO REPORTADO","ARTÍCULO 109. HOMICIDIO CULPOSO ( EN ACCIDENTE DE TRÁNSITO)","1"
"QUINDÍO","Calarca","63130000","NO REPORTADO","16/11/2022","MASCULINO","NO REPORTADO","ARTÍCULO 109. HOMICIDIO CULPOSO ( EN ACCIDENTE DE TRÁNSITO)","1"
"QUINDÍO","Calarca","63130000","NO REPORTADO","20/02/2023","MASCULINO","ADULTOS","ARTÍCULO 109. HOMICIDIO CULPOSO ( EN ACCIDENTE DE TRÁNSITO)","1"
"QUINDÍO","Calarca","63130000","NO REPORTADO","04/06/2023","MASCULINO","ADULTOS","ARTÍCULO 109. HOMICIDIO CULPOSO ( EN ACCIDENTE DE TRÁNSITO)","1"
"QUINDÍO","Calarca","63130000","NO REPORTADO","06/06/2023","MASCULINO","ADULTOS","ARTÍCULO 109. HOMICIDIO CULPOSO ( EN ACCIDENTE DE TRÁNSITO)","1"
"QUINDÍO","Calarca","63130000","NO REPORTADO","24/06/2023","MASCULINO","ADULTOS","ARTÍCULO 109. HOMICIDIO CULPOSO ( EN ACCIDENTE DE TRÁNSITO)","1"
"QUINDÍO","Calarca","63130000","NO REPORTADO","01/07/2023","MASCULINO","ADULTOS","ARTÍCULO 109. HOMICIDIO CULPOSO ( EN ACCIDENTE DE TRÁNSITO)","1"
"QUINDÍO","Calarca","63130000","NO REPORTADO","28/08/2023","MASCULINO","ADULTOS","ARTÍCULO 109. HOMICIDIO CULPOSO ( EN ACCIDENTE DE TRÁNSITO)","1"
"QUINDÍO","Calarca","63130000","NO REPORTADO","15/09/2023","MASCULINO","ADULTOS","ARTÍCULO 109. HOMICIDIO CULPOSO ( EN ACCIDENTE DE TRÁNSITO)","1"
"QUINDÍO","Calarca","63130000","NO REPORTADO","14/10/2023","FEMENINO","ADULTOS","ARTÍCULO 109. HOMICIDIO CULPOSO ( EN ACCIDENTE DE TRÁNSITO)","1"
"QUINDÍO","Calarca","63130000","NO REPORTADO","20/10/2023","MASCULINO","ADULTOS","ARTÍCULO 109. HOMICIDIO CULPOSO ( EN ACCIDENTE DE TRÁNSITO)","1"
"QUINDÍO","Calarca","63130000","NO REPORTADO","23/11/2023","MASCULINO","ADULTOS","ARTÍCULO 109. HOMICIDIO CULPOSO ( EN ACCIDENTE DE TRÁNSITO)","1"
"QUINDÍO","Calarca","63130000","NO REPORTADO","07/01/2024","MASCULINO","ADULTOS","ARTÍCULO 109. HOMICIDIO CULPOSO ( EN ACCIDENTE DE TRÁNSITO)","1"
"QUINDÍO","Calarca","63130000","NO REPORTADO","07/01/2024","MASCULINO","ADULTOS","ARTÍCULO 109. HOMICIDIO CULPOSO ( EN ACCIDENTE DE TRÁNSITO)","1"
"QUINDÍO","Calarca","63130000","NO REPORTADO","13/01/2024","MASCULINO","ADULTOS","ARTÍCULO 109. HOMICIDIO CULPOSO ( EN ACCIDENTE DE TRÁNSITO)","1"
"QUINDÍO","Calarca","63130000","NO REPORTADO","05/02/2024","MASCULINO","ADULTOS","ARTÍCULO 109. HOMICIDIO CULPOSO ( EN ACCIDENTE DE TRÁNSITO)","1"
"QUINDÍO","Calarca","63130000","NO REPORTADO","23/04/2024","MASCULINO","ADULTOS","ARTÍCULO 109. HOMICIDIO CULPOSO ( EN ACCIDENTE DE TRÁNSITO)","1"
"QUINDÍO","Calarca","63130000","NO REPORTADO","09/05/2024","FEMENINO","ADULTOS","ARTÍCULO 109. HOMICIDIO CULPOSO ( EN ACCIDENTE DE TRÁNSITO)","1"
"QUINDÍO","Calarca","63130000","NO REPORTADO","10/05/2024","MASCULINO","ADULTOS","ARTÍCULO 109. HOMICIDIO CULPOSO ( EN ACCIDENTE DE TRÁNSITO)","1"
"QUINDÍO","Calarca","63130000","NO REPORTADO","01/06/2024","MASCULINO","ADULTOS","ARTÍCULO 109. HOMICIDIO CULPOSO ( EN ACCIDENTE DE TRÁNSITO)","1"
"QUINDÍO","Calarca","63130000","NO REPORTADO","10/06/2024","MASCULINO","ADOLESCENTES","ARTÍCULO 109. HOMICIDIO CULPOSO ( EN ACCIDENTE DE TRÁNSITO)","1"
"QUINDÍO","Calarca","63130001","NO REPORTADO","28/07/2024","FEMENINO","ADULTOS","ARTÍCULO 109. HOMICIDIO CULPOSO ( EN ACCIDENTE DE TRÁNSITO)","1"
"QUINDÍO","Calarca","63130001","NO REPORTADO","28/07/2024","FEMENINO","ADULTOS","ARTÍCULO 109. HOMICIDIO CULPOSO ( EN ACCIDENTE DE TRÁNSITO)","1"
"QUINDÍO","Calarca","63130000","NO REPORTADO","29/07/2024","MASCULINO","ADULTOS","ARTÍCULO 109. HOMICIDIO CULPOSO ( EN ACCIDENTE DE TRÁNSITO)","1"
"QUINDÍO","Calarca","63130000","NO REPORTADO","03/08/2024","FEMENINO","ADULTOS","ARTÍCULO 109. HOMICIDIO CULPOSO ( EN ACCIDENTE DE TRÁNSITO)","1"
"QUINDÍO","Calarca","63130000","NO REPORTADO","01/09/2024","MASCULINO","ADULTOS","ARTÍCULO 109. HOMICIDIO CULPOSO ( EN ACCIDENTE DE TRÁNSITO)","1"
"QUINDÍO","Calarca","63130000","NO REPORTADO","01/09/2024","FEMENINO","ADULTOS","ARTÍCULO 109. HOMICIDIO CULPOSO ( EN ACCIDENTE DE TRÁNSITO)","1"
"QUINDÍO","Calarca","63130000","NO REPORTADO","02/09/2024","FEMENINO","ADULTOS","ARTÍCULO 109. HOMICIDIO CULPOSO ( EN ACCIDENTE DE TRÁNSITO)","1"
"QUINDÍO","Calarca","63130000","NO REPORTADO","04/09/2024","MASCULINO","ADULTOS","ARTÍCULO 109. HOMICIDIO CULPOSO ( EN ACCIDENTE DE TRÁNSITO)","1"
"QUINDÍO","Calarca","63130000","NO REPORTADO","16/09/2024","MASCULINO","ADULTOS","ARTÍCULO 109. HOMICIDIO CULPOSO ( EN ACCIDENTE DE TRÁNSITO)","1"
"QUINDÍO","Calarca","63130000","NO REPORTADO","29/09/2024","MASCULINO","ADULTOS","ARTÍCULO 109. HOMICIDIO CULPOSO ( EN ACCIDENTE DE TRÁNSITO)","1"
"QUINDÍO","Calarca","63130000","NO REPORTADO","14/10/2024","MASCULINO","MENORES","ARTÍCULO 109. HOMICIDIO CULPOSO ( EN ACCIDENTE DE TRÁNSITO)","1"
"QUINDÍO","Calarca","63130000","NO REPORTADO","02/11/2024","MASCULINO","ADULTOS","ARTÍCULO 109. HOMICIDIO CULPOSO ( EN ACCIDENTE DE TRÁNSITO)","1"
"QUINDÍO","Calarca","63130000","NO REPORTADO","02/11/2024","MASCULINO","ADULTOS","ARTÍCULO 109. HOMICIDIO CULPOSO ( EN ACCIDENTE DE TRÁNSITO)","1"
"QUINDÍO","Calarca","63130000","NO REPORTADO","16/12/2024","MASCULINO","ADULTOS","ARTÍCULO 109. HOMICIDIO CULPOSO ( EN ACCIDENTE DE TRÁNSITO)","1"
"QUINDÍO","Calarca","63130000","NO REPORTADO","21/12/2024","MASCULINO","ADULTOS","ARTÍCULO 109. HOMICIDIO CULPOSO ( EN ACCIDENTE DE TRÁNSITO)","1"
"QUINDÍO","Calarca","63130000","NO REPORTADO","25/12/2024","MASCULINO","ADULTOS","ARTÍCULO 109. HOMICIDIO CULPOSO ( EN ACCIDENTE DE TRÁNSITO)","1"
"QUINDÍO","Calarca","63130000","NO REPORTADO","30/01/2025","FEMENINO","ADULTOS","ARTÍCULO 109. HOMICIDIO CULPOSO ( EN ACCIDENTE DE TRÁNSITO)","1"
"QUINDÍO","Calarca","63130000","NO REPORTADO","27/02/2025","FEMENINO","MENORES","ARTÍCULO 109. HOMICIDIO CULPOSO ( EN ACCIDENTE DE TRÁNSITO)","1"
"QUINDÍO","Calarca","63130000","NO REPORTADO","12/03/2025","FEMENINO","ADULTOS","ARTÍCULO 109. HOMICIDIO CULPOSO ( EN ACCIDENTE DE TRÁNSITO)","1"
"QUINDÍO","Calarca","63130000","NO REPORTADO","27/05/2025","MASCULINO","ADULTOS","ARTÍCULO 109. HOMICIDIO CULPOSO ( EN ACCIDENTE DE TRÁNSITO)","1"
"QUINDÍO","Calarca","63130000","BICICLETA","15/05/2016","MASCULINO","NO REPORTADO","ARTÍCULO 109. HOMICIDIO CULPOSO ( EN ACCIDENTE DE TRÁNSITO)","1"
"QUINDÍO","Calarca","63130000","BICICLETA","14/11/2018","MASCULINO","NO REPORTADO","ARTÍCULO 109. HOMICIDIO CULPOSO ( EN ACCIDENTE DE TRÁNSITO)","1"
"QUINDÍO","Calarca","63130000","BICICLETA","20/08/2010","MASCULINO","NO REPORTADO","ARTÍCULO 109. HOMICIDIO CULPOSO ( EN ACCIDENTE DE TRÁNSITO)","1"
"QUINDÍO","Calarca","63130000","MOTO","03/05/2013","MASCULINO","NO REPORTADO","ARTÍCULO 109. HOMICIDIO CULPOSO ( EN ACCIDENTE DE TRÁNSITO)","1"
"QUINDÍO","Calarca","63130000","MOTO","17/11/2013","MASCULINO","NO REPORTADO","ARTÍCULO 109. HOMICIDIO CULPOSO ( EN ACCIDENTE DE TRÁNSITO)","1"
"QUINDÍO","Calarca","63130000","MOTO","13/01/2014","MASCULINO","NO REPORTADO","ARTÍCULO 109. HOMICIDIO CULPOSO ( EN ACCIDENTE DE TRÁNSITO)","1"
"QUINDÍO","Calarca","63130000","MOTO","28/02/2014","FEMENINO","NO REPORTADO","ARTÍCULO 109. HOMICIDIO CULPOSO ( EN ACCIDENTE DE TRÁNSITO)","1"
"QUINDÍO","Calarca","63130000","MOTO","28/02/2014","MASCULINO","NO REPORTADO","ARTÍCULO 109. HOMICIDIO CULPOSO ( EN ACCIDENTE DE TRÁNSITO)","1"
"QUINDÍO","Calarca","63130000","MOTO","30/07/2014","FEMENINO","NO REPORTADO","ARTÍCULO 109. HOMICIDIO CULPOSO ( EN ACCIDENTE DE TRÁNSITO)","1"
"QUINDÍO","Calarca","63130000","MOTO","20/08/2014","MASCULINO","NO REPORTADO","ARTÍCULO 109. HOMICIDIO CULPOSO ( EN ACCIDENTE DE TRÁNSITO)","1"
"QUINDÍO","Calarca","63130000","MOTO","18/02/2015","MASCULINO","NO REPORTADO","ARTÍCULO 109. HOMICIDIO CULPOSO ( EN ACCIDENTE DE TRÁNSITO)","1"
"QUINDÍO","Calarca","63130000","MOTO","19/04/2015","FEMENINO","NO REPORTADO","ARTÍCULO 109. HOMICIDIO CULPOSO ( EN ACCIDENTE DE TRÁNSITO)","1"
"QUINDÍO","Calarca","63130000","MOTO","23/03/2015","MASCULINO","NO REPORTADO","ARTÍCULO 109. HOMICIDIO CULPOSO ( EN ACCIDENTE DE TRÁNSITO)","1"
"QUINDÍO","Calarca","63130000","MOTO","21/08/2015","MASCULINO","NO REPORTADO","ARTÍCULO 109. HOMICIDIO CULPOSO ( EN ACCIDENTE DE TRÁNSITO)","1"
"QUINDÍO","Calarca","63130000","MOTO","05/08/2015","FEMENINO","NO REPORTADO","ARTÍCULO 109. HOMICIDIO CULPOSO ( EN ACCIDENTE DE TRÁNSITO)","1"
"QUINDÍO","Calarca","63130001","MOTO","30/01/2010","MASCULINO","NO REPORTADO","ARTÍCULO 109. HOMICIDIO CULPOSO ( EN ACCIDENTE DE TRÁNSITO)","1"
"QUINDÍO","Calarca","63130000","MOTO","13/03/2016","FEMENINO","NO REPORTADO","ARTÍCULO 109. HOMICIDIO CULPOSO ( EN ACCIDENTE DE TRÁNSITO)","1"
"QUINDÍO","Calarca","63130000","MOTO","10/04/2016","MASCULINO","NO REPORTADO","ARTÍCULO 109. HOMICIDIO CULPOSO ( EN ACCIDENTE DE TRÁNSITO)","1"
"QUINDÍO","Calarca","63130000","MOTO","31/08/2016","MASCULINO","NO REPORTADO","ARTÍCULO 109. HOMICIDIO CULPOSO ( EN ACCIDENTE DE TRÁNSITO)","1"
"QUINDÍO","Calarca","63130000","MOTO","07/12/2016","FEMENINO","NO REPORTADO","ARTÍCULO 109. HOMICIDIO CULPOSO ( EN ACCIDENTE DE TRÁNSITO)","1"
"QUINDÍO","Calarca","63130000","MOTO","04/01/2017","MASCULINO","NO REPORTADO","ARTÍCULO 109. HOMICIDIO CULPOSO ( EN ACCIDENTE DE TRÁNSITO)","1"
"QUINDÍO","Calarca","63130000","MOTO","04/04/2017","MASCULINO","NO REPORTADO","ARTÍCULO 109. HOMICIDIO CULPOSO ( EN ACCIDENTE DE TRÁNSITO)","1"
"QUINDÍO","Calarca","63130000","MOTO","03/04/2017","MASCULINO","NO REPORTADO","ARTÍCULO 109. HOMICIDIO CULPOSO ( EN ACCIDENTE DE TRÁNSITO)","1"
"QUINDÍO","Calarca","63130000","MOTO","12/03/2018","MASCULINO","NO REPORTADO","ARTÍCULO 109. HOMICIDIO CULPOSO ( EN ACCIDENTE DE TRÁNSITO)","1"
"QUINDÍO","Calarca","63130000","MOTO","11/11/2018","MASCULINO","NO REPORTADO","ARTÍCULO 109. HOMICIDIO CULPOSO ( EN ACCIDENTE DE TRÁNSITO)","1"
"QUINDÍO","Calarca","63130000","MOTO","11/11/2018","FEMENINO","NO REPORTADO","ARTÍCULO 109. HOMICIDIO CULPOSO ( EN ACCIDENTE DE TRÁNSITO)","1"
"QUINDÍO","Calarca","63130000","MOTO","15/12/2018","MASCULINO","NO REPORTADO","ARTÍCULO 109. HOMICIDIO CULPOSO ( EN ACCIDENTE DE TRÁNSITO)","1"
"QUINDÍO","Calarca","63130000","MOTO","20/12/2018","MASCULINO","NO REPORTADO","ARTÍCULO 109. HOMICIDIO CULPOSO ( EN ACCIDENTE DE TRÁNSITO)","1"
"QUINDÍO","Calarca","63130000","MOTO","25/02/2019","MASCULINO","NO REPORTADO","ARTÍCULO 109. HOMICIDIO CULPOSO ( EN ACCIDENTE DE TRÁNSITO)","1"
"QUINDÍO","Calarca","63130000","MOTO","23/01/2019","MASCULINO","NO REPORTADO","ARTÍCULO 109. HOMICIDIO CULPOSO ( EN ACCIDENTE DE TRÁNSITO)","1"
"QUINDÍO","Calarca","63130000","MOTO","09/02/2019","FEMENINO","NO REPORTADO","ARTÍCULO 109. HOMICIDIO CULPOSO ( EN ACCIDENTE DE TRÁNSITO)","1"
"QUINDÍO","Calarca","63130000","MOTO","28/11/2019","MASCULINO","NO REPORTADO","ARTÍCULO 109. HOMICIDIO CULPOSO ( EN ACCIDENTE DE TRÁNSITO)","1"
"QUINDÍO","Calarca","63130000","MOTO","26/08/2020","FEMENINO","NO REPORTADO","ARTÍCULO 109. HOMICIDIO CULPOSO ( EN ACCIDENTE DE TRÁNSITO)","1"
"QUINDÍO","Calarca","63130000","MOTO","27/08/2020","FEMENINO","NO REPORTADO","ARTÍCULO 109. HOMICIDIO CULPOSO ( EN ACCIDENTE DE TRÁNSITO)","1"
"QUINDÍO","Calarca","63130000","MOTO","05/02/2021","MASCULINO","NO REPORTADO","ARTÍCULO 109. HOMICIDIO CULPOSO ( EN ACCIDENTE DE TRÁNSITO)","1"
"QUINDÍO","Calarca","63130000","MOTO","27/02/2021","MASCULINO","NO REPORTADO","ARTÍCULO 109. HOMICIDIO CULPOSO ( EN ACCIDENTE DE TRÁNSITO)","1"
"QUINDÍO","Calarca","63130000","MOTO","22/02/2021","MASCULINO","NO REPORTADO","ARTÍCULO 109. HOMICIDIO CULPOSO ( EN ACCIDENTE DE TRÁNSITO)","1"
"QUINDÍO","Calarca","63130000","MOTO","28/03/2021","MASCULINO","NO REPORTADO","ARTÍCULO 109. HOMICIDIO CULPOSO ( EN ACCIDENTE DE TRÁNSITO)","1"
"QUINDÍO","Calarca","63130000","MOTO","08/10/2021","MASCULINO","NO REPORTADO","ARTÍCULO 109. HOMICIDIO CULPOSO ( EN ACCIDENTE DE TRÁNSITO)","1"
"QUINDÍO","Calarca","63130000","MOTO","13/04/2022","FEMENINO","NO REPORTADO","ARTÍCULO 109. HOMICIDIO CULPOSO ( EN ACCIDENTE DE TRÁNSITO)","1"
"QUINDÍO","Calarca","63130000","MOTO","10/07/2022","MASCULINO","NO REPORTADO","ARTÍCULO 109. HOMICIDIO CULPOSO ( EN ACCIDENTE DE TRÁNSITO)","1"
"QUINDÍO","Calarca","63130000","MOTO","11/08/2022","FEMENINO","NO REPORTADO","ARTÍCULO 109. HOMICIDIO CULPOSO ( EN ACCIDENTE DE TRÁNSITO)","1"
"QUINDÍO","Calarca","63130000","MOTO","05/01/2011","MASCULINO","NO REPORTADO","ARTÍCULO 109. HOMICIDIO CULPOSO ( EN ACCIDENTE DE TRÁNSITO)","1"
"QUINDÍO","Calarca","63130000","MOTO","21/08/2012","MASCULINO","NO REPORTADO","ARTÍCULO 109. HOMICIDIO CULPOSO ( EN ACCIDENTE DE TRÁNSITO)","1"
"QUINDÍO","Calarca","63130000","MOTO","24/11/2012","MASCULINO","NO REPORTADO","ARTÍCULO 109. HOMICIDIO CULPOSO ( EN ACCIDENTE DE TRÁNSITO)","1"
"QUINDÍO","Calarca","63130000","MOTO","26/11/2012","MASCULINO","NO REPORTADO","ARTÍCULO 109. HOMICIDIO CULPOSO ( EN ACCIDENTE DE TRÁNSITO)","1"
"QUINDÍO","Calarca","63130000","MOTO","09/12/2012","MASCULINO","NO REPORTADO","ARTÍCULO 109. HOMICIDIO CULPOSO ( EN ACCIDENTE DE TRÁNSITO)","1"
"QUINDÍO","Calarca","63130000","NO REPORTADO","22/10/2019","MASCULINO","NO REPORTADO","ARTÍCULO 109. HOMICIDIO CULPOSO ( EN ACCIDENTE DE TRÁNSITO)","1"
"QUINDÍO","Calarca","63130000","SIN EMPLEO DE ARMAS","05/06/2021","MASCULINO","NO REPORTADO","ARTÍCULO 109. HOMICIDIO CULPOSO ( EN ACCIDENTE DE TRÁNSITO)","1"
"QUINDÍO","Calarca","63130000","SIN EMPLEO DE ARMAS","21/07/2021","MASCULINO","NO REPORTADO","ARTÍCULO 109. HOMICIDIO CULPOSO ( EN ACCIDENTE DE TRÁNSITO)","1"
"QUINDÍO","Calarca","63130000","SIN EMPLEO DE ARMAS","20/09/2021","MASCULINO","NO REPORTADO","ARTÍCULO 109. HOMICIDIO CULPOSO ( EN ACCIDENTE DE TRÁNSITO)","1"
"QUINDÍO","Calarca","63130000","SIN EMPLEO DE ARMAS","21/03/2021","FEMENINO","NO REPORTADO","ARTÍCULO 109. HOMICIDIO CULPOSO ( EN ACCIDENTE DE TRÁNSITO)","1"
"QUINDÍO","Calarca","63130000","SIN EMPLEO DE ARMAS","15/10/2021","MASCULINO","NO REPORTADO","ARTÍCULO 109. HOMICIDIO CULPOSO ( EN ACCIDENTE DE TRÁNSITO)","1"
"QUINDÍO","Calarca","63130000","SIN EMPLEO DE ARMAS","22/12/2021","MASCULINO","NO REPORTADO","ARTÍCULO 109. HOMICIDIO CULPOSO ( EN ACCIDENTE DE TRÁNSITO)","1"
"QUINDÍO","Calarca","63130000","SIN EMPLEO DE ARMAS","29/03/2022","MASCULINO","NO REPORTADO","ARTÍCULO 109. HOMICIDIO CULPOSO ( EN ACCIDENTE DE TRÁNSITO)","1"
"QUINDÍO","Calarca","63130000","SIN EMPLEO DE ARMAS","31/03/2022","MASCULINO","NO REPORTADO","ARTÍCULO 109. HOMICIDIO CULPOSO ( EN ACCIDENTE DE TRÁNSITO)","1"
"QUINDÍO","Calarca","63130000","SIN EMPLEO DE ARMAS","23/09/2022","MASCULINO","NO REPORTADO","ARTÍCULO 109. HOMICIDIO CULPOSO ( EN ACCIDENTE DE TRÁNSITO)","1"
"QUINDÍO","Calarca","63130000","SIN EMPLEO DE ARMAS","05/10/2022","MASCULINO","NO REPORTADO","ARTÍCULO 109. HOMICIDIO CULPOSO ( EN ACCIDENTE DE TRÁNSITO)","1"
"QUINDÍO","Calarca","63130000","SIN EMPLEO DE ARMAS","14/01/2023","MASCULINO","ADULTOS","ARTÍCULO 109. HOMICIDIO CULPOSO ( EN ACCIDENTE DE TRÁNSITO)","1"
"QUINDÍO","Calarca","63130000","SIN EMPLEO DE ARMAS","08/03/2023","MASCULINO","ADULTOS","ARTÍCULO 109. HOMICIDIO CULPOSO ( EN ACCIDENTE DE TRÁNSITO)","1"
"QUINDÍO","Calarca","63130000","SIN EMPLEO DE ARMAS","01/09/2023","MASCULINO","ADULTOS","ARTÍCULO 109. HOMICIDIO CULPOSO ( EN ACCIDENTE DE TRÁNSITO)","1"
"QUINDÍO","Calarca","63130000","SIN EMPLEO DE ARMAS","06/10/2023","MASCULINO","ADULTOS","ARTÍCULO 109. HOMICIDIO CULPOSO ( EN ACCIDENTE DE TRÁNSITO)","1"
"QUINDÍO","Calarca","63130000","SIN EMPLEO DE ARMAS","05/11/2023","MASCULINO","ADULTOS","ARTÍCULO 109. HOMICIDIO CULPOSO ( EN ACCIDENTE DE TRÁNSITO)","1"
"QUINDÍO","Calarca","63130000","SIN EMPLEO DE ARMAS","05/11/2023","MASCULINO","ADULTOS","ARTÍCULO 109. HOMICIDIO CULPOSO ( EN ACCIDENTE DE TRÁNSITO)","1"
"QUINDÍO","Calarca","63130000","SIN EMPLEO DE ARMAS","14/12/2023","MASCULINO","ADULTOS","ARTÍCULO 109. HOMICIDIO CULPOSO ( EN ACCIDENTE DE TRÁNSITO)","1"
"QUINDÍO","Calarca","63130000","SIN EMPLEO DE ARMAS","14/12/2023","MASCULINO","ADULTOS","ARTÍCULO 109. HOMICIDIO CULPOSO ( EN ACCIDENTE DE TRÁNSITO)","1"
"QUINDÍO","Calarca","63130000","SIN EMPLEO DE ARMAS","22/05/2024","MASCULINO","ADULTOS","ARTÍCULO 109. HOMICIDIO CULPOSO ( EN ACCIDENTE DE TRÁNSITO)","1"
"QUINDÍO","Calarca","63130000","SIN EMPLEO DE ARMAS","27/09/2024","MASCULINO","ADULTOS","ARTÍCULO 109. HOMICIDIO CULPOSO ( EN ACCIDENTE DE TRÁNSITO)","1"
"QUINDÍO","Calarca","63130000","SIN EMPLEO DE ARMAS","27/09/2024","MASCULINO","ADULTOS","ARTÍCULO 109. HOMICIDIO CULPOSO ( EN ACCIDENTE DE TRÁNSITO)","1"
"QUINDÍO","Calarca","63130000","SIN EMPLEO DE ARMAS","27/09/2024","FEMENINO","ADULTOS","ARTÍCULO 109. HOMICIDIO CULPOSO ( EN ACCIDENTE DE TRÁNSITO)","1"
"QUINDÍO","Calarca","63130000","SIN EMPLEO DE ARMAS","21/12/2024","MASCULINO","ADULTOS","ARTÍCULO 109. HOMICIDIO CULPOSO ( EN ACCIDENTE DE TRÁNSITO)","1"
"QUINDÍO","Calarca","63130000","SIN EMPLEO DE ARMAS","31/01/2025","MASCULINO","ADULTOS","ARTÍCULO 109. HOMICIDIO CULPOSO ( EN ACCIDENTE DE TRÁNSITO)","1"
"QUINDÍO","Calarca","63130000","SIN EMPLEO DE ARMAS","17/04/2025","FEMENINO","ADULTOS","ARTÍCULO 109. HOMICIDIO CULPOSO ( EN ACCIDENTE DE TRÁNSITO)","1"
"QUINDÍO","Calarca","63130000","VEHICULO","06/07/2013","MASCULINO","NO REPORTADO","ARTÍCULO 109. HOMICIDIO CULPOSO ( EN ACCIDENTE DE TRÁNSITO)","1"
"QUINDÍO","Calarca","63130000","VEHICULO","20/11/2013","MASCULINO","NO REPORTADO","ARTÍCULO 109. HOMICIDIO CULPOSO ( EN ACCIDENTE DE TRÁNSITO)","1"
"QUINDÍO","Calarca","63130000","VEHICULO","02/12/2013","MASCULINO","NO REPORTADO","ARTÍCULO 109. HOMICIDIO CULPOSO ( EN ACCIDENTE DE TRÁNSITO)","1"
"QUINDÍO","Calarca","63130000","VEHICULO","12/01/2014","MASCULINO","NO REPORTADO","ARTÍCULO 109. HOMICIDIO CULPOSO ( EN ACCIDENTE DE TRÁNSITO)","1"
"QUINDÍO","Calarca","63130000","VEHICULO","10/02/2014","MASCULINO","NO REPORTADO","ARTÍCULO 109. HOMICIDIO CULPOSO ( EN ACCIDENTE DE TRÁNSITO)","1"
"QUINDÍO","Calarca","63130000","VEHICULO","11/02/2014","MASCULINO","NO REPORTADO","ARTÍCULO 109. HOMICIDIO CULPOSO ( EN ACCIDENTE DE TRÁNSITO)","1"
"QUINDÍO","Calarca","63130000","VEHICULO","26/02/2014","MASCULINO","NO REPORTADO","ARTÍCULO 109. HOMICIDIO CULPOSO ( EN ACCIDENTE DE TRÁNSITO)","1"
"QUINDÍO","Calarca","63130000","VEHICULO","22/05/2014","MASCULINO","NO REPORTADO","ARTÍCULO 109. HOMICIDIO CULPOSO ( EN ACCIDENTE DE TRÁNSITO)","1"
"QUINDÍO","Calarca","63130000","VEHICULO","01/06/2014","FEMENINO","NO REPORTADO","ARTÍCULO 109. HOMICIDIO CULPOSO ( EN ACCIDENTE DE TRÁNSITO)","1"
"QUINDÍO","Calarca","63130000","VEHICULO","21/06/2014","MASCULINO","NO REPORTADO","ARTÍCULO 109. HOMICIDIO CULPOSO ( EN ACCIDENTE DE TRÁNSITO)","1"
"QUINDÍO","Calarca","63130000","VEHICULO","09/07/2014","MASCULINO","NO REPORTADO","ARTÍCULO 109. HOMICIDIO CULPOSO ( EN ACCIDENTE DE TRÁNSITO)","1"
"QUINDÍO","Calarca","63130000","VEHICULO","22/08/2014","MASCULINO","NO REPORTADO","ARTÍCULO 109. HOMICIDIO CULPOSO ( EN ACCIDENTE DE TRÁNSITO)","1"
"QUINDÍO","Calarca","63130000","VEHICULO","22/08/2014","MASCULINO","NO REPORTADO","ARTÍCULO 109. HOMICIDIO CULPOSO ( EN ACCIDENTE DE TRÁNSITO)","1"
"QUINDÍO","Calarca","63130000","VEHICULO","23/08/2014","MASCULINO","NO REPORTADO","ARTÍCULO 109. HOMICIDIO CULPOSO ( EN ACCIDENTE DE TRÁNSITO)","1"
"QUINDÍO","Calarca","63130001","VEHICULO","17/01/2015","MASCULINO","NO REPORTADO","ARTÍCULO 109. HOMICIDIO CULPOSO ( EN ACCIDENTE DE TRÁNSITO)","1"
"QUINDÍO","Calarca","63130000","VEHICULO","28/01/2015","FEMENINO","NO REPORTADO","ARTÍCULO 109. HOMICIDIO CULPOSO ( EN ACCIDENTE DE TRÁNSITO)","1"
"QUINDÍO","Calarca","63130000","VEHICULO","28/01/2015","MASCULINO","NO REPORTADO","ARTÍCULO 109. HOMICIDIO CULPOSO ( EN ACCIDENTE DE TRÁNSITO)","1"
"QUINDÍO","Calarca","63130000","VEHICULO","25/04/2015","MASCULINO","NO REPORTADO","ARTÍCULO 109. HOMICIDIO CULPOSO ( EN ACCIDENTE DE TRÁNSITO)","1"
"QUINDÍO","Calarca","63130000","VEHICULO","12/04/2015","MASCULINO","NO REPORTADO","ARTÍCULO 109. HOMICIDIO CULPOSO ( EN ACCIDENTE DE TRÁNSITO)","1"
"QUINDÍO","Calarca","63130001","VEHICULO","14/06/2015","MASCULINO","NO REPORTADO","ARTÍCULO 109. HOMICIDIO CULPOSO ( EN ACCIDENTE DE TRÁNSITO)","1"
"QUINDÍO","Calarca","63130000","VEHICULO","26/06/2015","MASCULINO","NO REPORTADO","ARTÍCULO 109. HOMICIDIO CULPOSO ( EN ACCIDENTE DE TRÁNSITO)","1"
"QUINDÍO","Calarca","63130000","VEHICULO","02/02/2010","MASCULINO","NO REPORTADO","ARTÍCULO 109. HOMICIDIO CULPOSO ( EN ACCIDENTE DE TRÁNSITO)","1"
"QUINDÍO","Calarca","63130000","VEHICULO","10/07/2015","MASCULINO","NO REPORTADO","ARTÍCULO 109. HOMICIDIO CULPOSO ( EN ACCIDENTE DE TRÁNSITO)","1"
"QUINDÍO","Calarca","63130000","VEHICULO","28/06/2015","MASCULINO","NO REPORTADO","ARTÍCULO 109. HOMICIDIO CULPOSO ( EN ACCIDENTE DE TRÁNSITO)","1"
"QUINDÍO","Calarca","63130000","VEHICULO","24/08/2015","MASCULINO","NO REPORTADO","ARTÍCULO 109. HOMICIDIO CULPOSO ( EN ACCIDENTE DE TRÁNSITO)","1"
"QUINDÍO","Calarca","63130000","VEHICULO","18/07/2015","MASCULINO","NO REPORTADO","ARTÍCULO 109. HOMICIDIO CULPOSO ( EN ACCIDENTE DE TRÁNSITO)","1"
"QUINDÍO","Calarca","63130000","VEHICULO","04/12/2015","MASCULINO","NO REPORTADO","ARTÍCULO 109. HOMICIDIO CULPOSO ( EN ACCIDENTE DE TRÁNSITO)","1"
"QUINDÍO","Calarca","63130000","VEHICULO","08/01/2016","MASCULINO","NO REPORTADO","ARTÍCULO 109. HOMICIDIO CULPOSO ( EN ACCIDENTE DE TRÁNSITO)","1"
"QUINDÍO","Calarca","63130000","VEHICULO","17/01/2016","MASCULINO","NO REPORTADO","ARTÍCULO 109. HOMICIDIO CULPOSO ( EN ACCIDENTE DE TRÁNSITO)","1"
"QUINDÍO","Calarca","63130000","VEHICULO","01/03/2016","MASCULINO","NO REPORTADO","ARTÍCULO 109. HOMICIDIO CULPOSO ( EN ACCIDENTE DE TRÁNSITO)","1"
"QUINDÍO","Calarca","63130000","VEHICULO","03/05/2016","MASCULINO","NO REPORTADO","ARTÍCULO 109. HOMICIDIO CULPOSO ( EN ACCIDENTE DE TRÁNSITO)","1"
"QUINDÍO","Calarca","63130000","VEHICULO","03/05/2016","FEMENINO","NO REPORTADO","ARTÍCULO 109. HOMICIDIO CULPOSO ( EN ACCIDENTE DE TRÁNSITO)","1"
"QUINDÍO","Calarca","63130000","VEHICULO","01/05/2016","FEMENINO","NO REPORTADO","ARTÍCULO 109. HOMICIDIO CULPOSO ( EN ACCIDENTE DE TRÁNSITO)","1"
"QUINDÍO","Calarca","63130000","VEHICULO","26/04/2016","MASCULINO","NO REPORTADO","ARTÍCULO 109. HOMICIDIO CULPOSO ( EN ACCIDENTE DE TRÁNSITO)","1"
"QUINDÍO","Calarca","63130000","VEHICULO","17/08/2016","MASCULINO","NO REPORTADO","ARTÍCULO 109. HOMICIDIO CULPOSO ( EN ACCIDENTE DE TRÁNSITO)","1"
"QUINDÍO","Calarca","63130000","VEHICULO","17/08/2016","FEMENINO","NO REPORTADO","ARTÍCULO 109. HOMICIDIO CULPOSO ( EN ACCIDENTE DE TRÁNSITO)","1"
"QUINDÍO","Calarca","63130000","VEHICULO","17/08/2016","FEMENINO","NO REPORTADO","ARTÍCULO 109. HOMICIDIO CULPOSO ( EN ACCIDENTE DE TRÁNSITO)","1"
"QUINDÍO","Calarca","63130000","VEHICULO","08/09/2016","MASCULINO","NO REPORTADO","ARTÍCULO 109. HOMICIDIO CULPOSO ( EN ACCIDENTE DE TRÁNSITO)","1"
"QUINDÍO","Calarca","63130000","VEHICULO","19/09/2016","MASCULINO","NO REPORTADO","ARTÍCULO 109. HOMICIDIO CULPOSO ( EN ACCIDENTE DE TRÁNSITO)","1"
"QUINDÍO","Calarca","63130000","VEHICULO","16/10/2016","MASCULINO","NO REPORTADO","ARTÍCULO 109. HOMICIDIO CULPOSO ( EN ACCIDENTE DE TRÁNSITO)","1"
"QUINDÍO","Calarca","63130000","VEHICULO","08/11/2016","MASCULINO","NO REPORTADO","ARTÍCULO 109. HOMICIDIO CULPOSO ( EN ACCIDENTE DE TRÁNSITO)","1"
"QUINDÍO","Calarca","63130000","VEHICULO","11/11/2016","FEMENINO","NO REPORTADO","ARTÍCULO 109. HOMICIDIO CULPOSO ( EN ACCIDENTE DE TRÁNSITO)","1"
"QUINDÍO","Calarca","63130000","VEHICULO","26/11/2016","MASCULINO","NO REPORTADO","ARTÍCULO 109. HOMICIDIO CULPOSO ( EN ACCIDENTE DE TRÁNSITO)","1"
"QUINDÍO","Calarca","63130000","VEHICULO","10/02/2017","MASCULINO","NO REPORTADO","ARTÍCULO 109. HOMICIDIO CULPOSO ( EN ACCIDENTE DE TRÁNSITO)","1"
"QUINDÍO","Calarca","63130000","VEHICULO","06/03/2017","MASCULINO","NO REPORTADO","ARTÍCULO 109. HOMICIDIO CULPOSO ( EN ACCIDENTE DE TRÁNSITO)","1"
"QUINDÍO","Calarca","63130000","VEHICULO","15/03/2017","MASCULINO","NO REPORTADO","ARTÍCULO 109. HOMICIDIO CULPOSO ( EN ACCIDENTE DE TRÁNSITO)","1"
"QUINDÍO","Calarca","63130000","VEHICULO","19/03/2017","MASCULINO","NO REPORTADO","ARTÍCULO 109. HOMICIDIO CULPOSO ( EN ACCIDENTE DE TRÁNSITO)","1"
"QUINDÍO","Calarca","63130000","VEHICULO","07/04/2017","MASCULINO","NO REPORTADO","ARTÍCULO 109. HOMICIDIO CULPOSO ( EN ACCIDENTE DE TRÁNSITO)","1"
"QUINDÍO","Calarca","63130000","VEHICULO","14/04/2017","MASCULINO","NO REPORTADO","ARTÍCULO 109. HOMICIDIO CULPOSO ( EN ACCIDENTE DE TRÁNSITO)","1"
"QUINDÍO","Calarca","63130000","VEHICULO","26/05/2017","MASCULINO","NO REPORTADO","ARTÍCULO 109. HOMICIDIO CULPOSO ( EN ACCIDENTE DE TRÁNSITO)","1"
"QUINDÍO","Calarca","63130000","VEHICULO","22/06/2017","MASCULINO","NO REPORTADO","ARTÍCULO 109. HOMICIDIO CULPOSO ( EN ACCIDENTE DE TRÁNSITO)","1"
"QUINDÍO","Calarca","63130000","VEHICULO","07/04/2017","MASCULINO","NO REPORTADO","ARTÍCULO 109. HOMICIDIO CULPOSO ( EN ACCIDENTE DE TRÁNSITO)","1"
"QUINDÍO","Calarca","63130000","VEHICULO","27/08/2017","MASCULINO","NO REPORTADO","ARTÍCULO 109. HOMICIDIO CULPOSO ( EN ACCIDENTE DE TRÁNSITO)","1"
"QUINDÍO","Calarca","63130000","VEHICULO","30/09/2017","MASCULINO","NO REPORTADO","ARTÍCULO 109. HOMICIDIO CULPOSO ( EN ACCIDENTE DE TRÁNSITO)","1"
"QUINDÍO","Calarca","63130000","VEHICULO","30/09/2017","FEMENINO","NO REPORTADO","ARTÍCULO 109. HOMICIDIO CULPOSO ( EN ACCIDENTE DE TRÁNSITO)","1"
"QUINDÍO","Calarca","63130000","VEHICULO","30/09/2017","MASCULINO","NO REPORTADO","ARTÍCULO 109. HOMICIDIO CULPOSO ( EN ACCIDENTE DE TRÁNSITO)","1"
"QUINDÍO","Calarca","63130000","VEHICULO","19/10/2017","MASCULINO","NO REPORTADO","ARTÍCULO 109. HOMICIDIO CULPOSO ( EN ACCIDENTE DE TRÁNSITO)","1"
"QUINDÍO","Calarca","63130000","VEHICULO","04/03/2017","MASCULINO","NO REPORTADO","ARTÍCULO 109. HOMICIDIO CULPOSO ( EN ACCIDENTE DE TRÁNSITO)","1"
"QUINDÍO","Calarca","63130000","VEHICULO","24/11/2017","MASCULINO","NO REPORTADO","ARTÍCULO 109. HOMICIDIO CULPOSO ( EN ACCIDENTE DE TRÁNSITO)","1"
"QUINDÍO","Calarca","63130000","VEHICULO","05/12/2017","FEMENINO","NO REPORTADO","ARTÍCULO 109. HOMICIDIO CULPOSO ( EN ACCIDENTE DE TRÁNSITO)","1"
"QUINDÍO","Calarca","63130000","VEHICULO","22/12/2017","MASCULINO","NO REPORTADO","ARTÍCULO 109. HOMICIDIO CULPOSO ( EN ACCIDENTE DE TRÁNSITO)","1"
"QUINDÍO","Calarca","63130000","VEHICULO","07/01/2018","MASCULINO","NO REPORTADO","ARTÍCULO 109. HOMICIDIO CULPOSO ( EN ACCIDENTE DE TRÁNSITO)","1"
"QUINDÍO","Calarca","63130000","VEHICULO","25/02/2018","MASCULINO","NO REPORTADO","ARTÍCULO 109. HOMICIDIO CULPOSO ( EN ACCIDENTE DE TRÁNSITO)","1"
"QUINDÍO","Calarca","63130000","VEHICULO","24/04/2018","MASCULINO","NO REPORTADO","ARTÍCULO 109. HOMICIDIO CULPOSO ( EN ACCIDENTE DE TRÁNSITO)","1"
"QUINDÍO","Calarca","63130000","VEHICULO","19/05/2018","MASCULINO","NO REPORTADO","ARTÍCULO 109. HOMICIDIO CULPOSO ( EN ACCIDENTE DE TRÁNSITO)","1"
"QUINDÍO","Calarca","63130000","VEHICULO","18/04/2018","FEMENINO","NO REPORTADO","ARTÍCULO 109. HOMICIDIO CULPOSO ( EN ACCIDENTE DE TRÁNSITO)","1"
"QUINDÍO","Calarca","63130000","VEHICULO","07/03/2018","MASCULINO","NO REPORTADO","ARTÍCULO 109. HOMICIDIO CULPOSO ( EN ACCIDENTE DE TRÁNSITO)","1"
"QUINDÍO","Calarca","63130000","VEHICULO","14/08/2018","FEMENINO","NO REPORTADO","ARTÍCULO 109. HOMICIDIO CULPOSO ( EN ACCIDENTE DE TRÁNSITO)","1"
"QUINDÍO","Calarca","63130000","VEHICULO","19/08/2018","MASCULINO","NO REPORTADO","ARTÍCULO 109. HOMICIDIO CULPOSO ( EN ACCIDENTE DE TRÁNSITO)","1"
"QUINDÍO","Calarca","63130000","VEHICULO","21/03/2010","MASCULINO","NO REPORTADO","ARTÍCULO 109. HOMICIDIO CULPOSO ( EN ACCIDENTE DE TRÁNSITO)","1"
"QUINDÍO","Calarca","63130000","VEHICULO","04/07/2018","MASCULINO","NO REPORTADO","ARTÍCULO 109. HOMICIDIO CULPOSO ( EN ACCIDENTE DE TRÁNSITO)","1"
"QUINDÍO","Calarca","63130000","VEHICULO","23/03/2010","MASCULINO","NO REPORTADO","ARTÍCULO 109. HOMICIDIO CULPOSO ( EN ACCIDENTE DE TRÁNSITO)","1"
"QUINDÍO","Calarca","63130000","VEHICULO","28/02/2010","MASCULINO","NO REPORTADO","ARTÍCULO 109. HOMICIDIO CULPOSO ( EN ACCIDENTE DE TRÁNSITO)","1"
"QUINDÍO","Calarca","63130000","VEHICULO","17/03/2010","MASCULINO","NO REPORTADO","ARTÍCULO 109. HOMICIDIO CULPOSO ( EN ACCIDENTE DE TRÁNSITO)","1"
"QUINDÍO","Calarca","63130000","VEHICULO","27/08/2018","MASCULINO","NO REPORTADO","ARTÍCULO 109. HOMICIDIO CULPOSO ( EN ACCIDENTE DE TRÁNSITO)","1"
"QUINDÍO","Calarca","63130000","VEHICULO","30/12/2018","MASCULINO","NO REPORTADO","ARTÍCULO 109. HOMICIDIO CULPOSO ( EN ACCIDENTE DE TRÁNSITO)","1"
"QUINDÍO","Calarca","63130000","VEHICULO","08/01/2019","MASCULINO","NO REPORTADO","ARTÍCULO 109. HOMICIDIO CULPOSO ( EN ACCIDENTE DE TRÁNSITO)","1"
"QUINDÍO","Calarca","63130000","VEHICULO","03/02/2019","FEMENINO","NO REPORTADO","ARTÍCULO 109. HOMICIDIO CULPOSO ( EN ACCIDENTE DE TRÁNSITO)","1"
"QUINDÍO","Calarca","63130000","VEHICULO","03/02/2019","MASCULINO","NO REPORTADO","ARTÍCULO 109. HOMICIDIO CULPOSO ( EN ACCIDENTE DE TRÁNSITO)","1"
"QUINDÍO","Calarca","63130000","VEHICULO","03/02/2019","FEMENINO","NO REPORTADO","ARTÍCULO 109. HOMICIDIO CULPOSO ( EN ACCIDENTE DE TRÁNSITO)","1"
"QUINDÍO","Calarca","63130000","VEHICULO","03/02/2019","FEMENINO","NO REPORTADO","ARTÍCULO 109. HOMICIDIO CULPOSO ( EN ACCIDENTE DE TRÁNSITO)","1"
"QUINDÍO","Calarca","63130000","VEHICULO","20/03/2019","MASCULINO","NO REPORTADO","ARTÍCULO 109. HOMICIDIO CULPOSO ( EN ACCIDENTE DE TRÁNSITO)","1"
"QUINDÍO","Calarca","63130000","VEHICULO","16/07/2019","MASCULINO","NO REPORTADO","ARTÍCULO 109. HOMICIDIO CULPOSO ( EN ACCIDENTE DE TRÁNSITO)","1"
"QUINDÍO","Calarca","63130000","VEHICULO","31/08/2019","MASCULINO","NO REPORTADO","ARTÍCULO 109. HOMICIDIO CULPOSO ( EN ACCIDENTE DE TRÁNSITO)","1"
"QUINDÍO","Calarca","63130000","VEHICULO","14/10/2019","FEMENINO","NO REPORTADO","ARTÍCULO 109. HOMICIDIO CULPOSO ( EN ACCIDENTE DE TRÁNSITO)","1"
"QUINDÍO","Calarca","63130000","VEHICULO","09/11/2019","MASCULINO","NO REPORTADO","ARTÍCULO 109. HOMICIDIO CULPOSO ( EN ACCIDENTE DE TRÁNSITO)","1"
"QUINDÍO","Calarca","63130000","VEHICULO","26/12/2019","FEMENINO","NO REPORTADO","ARTÍCULO 109. HOMICIDIO CULPOSO ( EN ACCIDENTE DE TRÁNSITO)","1"
"QUINDÍO","Calarca","63130000","VEHICULO","02/01/2020","MASCULINO","NO REPORTADO","ARTÍCULO 109. HOMICIDIO CULPOSO ( EN ACCIDENTE DE TRÁNSITO)","1"
"QUINDÍO","Calarca","63130000","VEHICULO","19/02/2020","MASCULINO","NO REPORTADO","ARTÍCULO 109. HOMICIDIO CULPOSO ( EN ACCIDENTE DE TRÁNSITO)","1"
"QUINDÍO","Calarca","63130000","VEHICULO","25/02/2020","MASCULINO","NO REPORTADO","ARTÍCULO 109. HOMICIDIO CULPOSO ( EN ACCIDENTE DE TRÁNSITO)","1"
"QUINDÍO","Calarca","63130000","VEHICULO","01/03/2020","MASCULINO","NO REPORTADO","ARTÍCULO 109. HOMICIDIO CULPOSO ( EN ACCIDENTE DE TRÁNSITO)","1"
"QUINDÍO","Calarca","63130000","VEHICULO","24/02/2020","MASCULINO","NO REPORTADO","ARTÍCULO 109. HOMICIDIO CULPOSO ( EN ACCIDENTE DE TRÁNSITO)","1"
"QUINDÍO","Calarca","63130000","VEHICULO","29/04/2020","MASCULINO","NO REPORTADO","ARTÍCULO 109. HOMICIDIO CULPOSO ( EN ACCIDENTE DE TRÁNSITO)","1"
"QUINDÍO","Calarca","63130000","VEHICULO","25/05/2020","MASCULINO","NO REPORTADO","ARTÍCULO 109. HOMICIDIO CULPOSO ( EN ACCIDENTE DE TRÁNSITO)","1"
"QUINDÍO","Calarca","63130000","VEHICULO","09/05/2020","MASCULINO","NO REPORTADO","ARTÍCULO 109. HOMICIDIO CULPOSO ( EN ACCIDENTE DE TRÁNSITO)","1"
"QUINDÍO","Calarca","63130000","VEHICULO","04/08/2020","MASCULINO","NO REPORTADO","ARTÍCULO 109. HOMICIDIO CULPOSO ( EN ACCIDENTE DE TRÁNSITO)","1"
"QUINDÍO","Calarca","63130000","VEHICULO","10/09/2020","FEMENINO","NO REPORTADO","ARTÍCULO 109. HOMICIDIO CULPOSO ( EN ACCIDENTE DE TRÁNSITO)","1"
"QUINDÍO","Calarca","63130000","VEHICULO","28/05/2010","MASCULINO","NO REPORTADO","ARTÍCULO 109. HOMICIDIO CULPOSO ( EN ACCIDENTE DE TRÁNSITO)","1"
"QUINDÍO","Calarca","63130000","VEHICULO","10/11/2020","FEMENINO","NO REPORTADO","ARTÍCULO 109. HOMICIDIO CULPOSO ( EN ACCIDENTE DE TRÁNSITO)","1"
"QUINDÍO","Calarca","63130000","VEHICULO","07/04/2010","MASCULINO","NO REPORTADO","ARTÍCULO 109. HOMICIDIO CULPOSO ( EN ACCIDENTE DE TRÁNSITO)","1"
"QUINDÍO","Calarca","63130000","VEHICULO","07/12/2020","MASCULINO","NO REPORTADO","ARTÍCULO 109. HOMICIDIO CULPOSO ( EN ACCIDENTE DE TRÁNSITO)","1"
"QUINDÍO","Calarca","63130000","VEHICULO","29/11/2020","MASCULINO","NO REPORTADO","ARTÍCULO 109. HOMICIDIO CULPOSO ( EN ACCIDENTE DE TRÁNSITO)","1"
"QUINDÍO","Calarca","63130000","VEHICULO","04/01/2021","MASCULINO","NO REPORTADO","ARTÍCULO 109. HOMICIDIO CULPOSO ( EN ACCIDENTE DE TRÁNSITO)","1"
"QUINDÍO","Calarca","63130000","VEHICULO","11/01/2021","MASCULINO","NO REPORTADO","ARTÍCULO 109. HOMICIDIO CULPOSO ( EN ACCIDENTE DE TRÁNSITO)","1"
"QUINDÍO","Calarca","63130000","VEHICULO","20/01/2021","MASCULINO","NO REPORTADO","ARTÍCULO 109. HOMICIDIO CULPOSO ( EN ACCIDENTE DE TRÁNSITO)","1"
"QUINDÍO","Calarca","63130000","VEHICULO","13/03/2021","FEMENINO","NO REPORTADO","ARTÍCULO 109. HOMICIDIO CULPOSO ( EN ACCIDENTE DE TRÁNSITO)","1"
"QUINDÍO","Calarca","63130000","VEHICULO","01/04/2021","MASCULINO","NO REPORTADO","ARTÍCULO 109. HOMICIDIO CULPOSO ( EN ACCIDENTE DE TRÁNSITO)","1"
"QUINDÍO","Calarca","63130000","VEHICULO","05/04/2021","MASCULINO","NO REPORTADO","ARTÍCULO 109. HOMICIDIO CULPOSO ( EN ACCIDENTE DE TRÁNSITO)","1"
"QUINDÍO","Calarca","63130000","VEHICULO","21/03/2021","MASCULINO","NO REPORTADO","ARTÍCULO 109. HOMICIDIO CULPOSO ( EN ACCIDENTE DE TRÁNSITO)","1"
"QUINDÍO","Calarca","63130000","VEHICULO","05/04/2021","MASCULINO","NO REPORTADO","ARTÍCULO 109. HOMICIDIO CULPOSO ( EN ACCIDENTE DE TRÁNSITO)","1"
"QUINDÍO","Calarca","63130000","VEHICULO","18/08/2010","MASCULINO","NO REPORTADO","ARTÍCULO 109. HOMICIDIO CULPOSO ( EN ACCIDENTE DE TRÁNSITO)","1"
"QUINDÍO","Calarca","63130000","VEHICULO","27/09/2021","FEMENINO","NO REPORTADO","ARTÍCULO 109. HOMICIDIO CULPOSO ( EN ACCIDENTE DE TRÁNSITO)","1"
"QUINDÍO","Calarca","63130000","VEHICULO","07/07/2010","MASCULINO","NO REPORTADO","ARTÍCULO 109. HOMICIDIO CULPOSO ( EN ACCIDENTE DE TRÁNSITO)","1"
"QUINDÍO","Calarca","63130000","VEHICULO","20/10/2021","MASCULINO","NO REPORTADO","ARTÍCULO 109. HOMICIDIO CULPOSO ( EN ACCIDENTE DE TRÁNSITO)","1"
"QUINDÍO","Calarca","63130000","VEHICULO","20/10/2021","MASCULINO","NO REPORTADO","ARTÍCULO 109. HOMICIDIO CULPOSO ( EN ACCIDENTE DE TRÁNSITO)","1"
"QUINDÍO","Calarca","63130000","VEHICULO","07/05/2010","MASCULINO","NO REPORTADO","ARTÍCULO 109. HOMICIDIO CULPOSO ( EN ACCIDENTE DE TRÁNSITO)","1"
"QUINDÍO","Calarca","63130000","VEHICULO","12/10/2021","MASCULINO","NO REPORTADO","ARTÍCULO 109. HOMICIDIO CULPOSO ( EN ACCIDENTE DE TRÁNSITO)","1"
"QUINDÍO","Calarca","63130000","VEHICULO","13/11/2021","FEMENINO","NO REPORTADO","ARTÍCULO 109. HOMICIDIO CULPOSO ( EN ACCIDENTE DE TRÁNSITO)","1"
"QUINDÍO","Calarca","63130000","VEHICULO","13/11/2021","FEMENINO","NO REPORTADO","ARTÍCULO 109. HOMICIDIO CULPOSO ( EN ACCIDENTE DE TRÁNSITO)","1"
"QUINDÍO","Calarca","63130000","VEHICULO","19/11/2021","MASCULINO","NO REPORTADO","ARTÍCULO 109. HOMICIDIO CULPOSO ( EN ACCIDENTE DE TRÁNSITO)","1"
"QUINDÍO","Calarca","63130000","VEHICULO","18/09/2010","MASCULINO","NO REPORTADO","ARTÍCULO 109. HOMICIDIO CULPOSO ( EN ACCIDENTE DE TRÁNSITO)","1"
"QUINDÍO","Calarca","63130000","VEHICULO","20/04/2022","FEMENINO","NO REPORTADO","ARTÍCULO 109. HOMICIDIO CULPOSO ( EN ACCIDENTE DE TRÁNSITO)","1"
"QUINDÍO","Calarca","63130000","VEHICULO","03/05/2022","MASCULINO","NO REPORTADO","ARTÍCULO 109. HOMICIDIO CULPOSO ( EN ACCIDENTE DE TRÁNSITO)","1"
"QUINDÍO","Calarca","63130000","VEHICULO","23/03/2022","MASCULINO","NO REPORTADO","ARTÍCULO 109. HOMICIDIO CULPOSO ( EN ACCIDENTE DE TRÁNSITO)","1"
"QUINDÍO","Calarca","63130000","VEHICULO","21/02/2011","MASCULINO","NO REPORTADO","ARTÍCULO 109. HOMICIDIO CULPOSO ( EN ACCIDENTE DE TRÁNSITO)","1"
"QUINDÍO","Calarca","63130000","VEHICULO","21/02/2011","FEMENINO","NO REPORTADO","ARTÍCULO 109. HOMICIDIO CULPOSO ( EN ACCIDENTE DE TRÁNSITO)","1"
"QUINDÍO","Calarca","63130000","VEHICULO","01/07/2022","MASCULINO","NO REPORTADO","ARTÍCULO 109. HOMICIDIO CULPOSO ( EN ACCIDENTE DE TRÁNSITO)","1"
"QUINDÍO","Calarca","63130000","VEHICULO","28/07/2022","FEMENINO","NO REPORTADO","ARTÍCULO 109. HOMICIDIO CULPOSO ( EN ACCIDENTE DE TRÁNSITO)","1"
"QUINDÍO","Calarca","63130000","VEHICULO","28/07/2022","FEMENINO","NO REPORTADO","ARTÍCULO 109. HOMICIDIO CULPOSO ( EN ACCIDENTE DE TRÁNSITO)","1"
"QUINDÍO","Calarca","63130000","VEHICULO","19/08/2022","MASCULINO","NO REPORTADO","ARTÍCULO 109. HOMICIDIO CULPOSO ( EN ACCIDENTE DE TRÁNSITO)","1"
"QUINDÍO","Calarca","63130000","VEHICULO","19/09/2022","MASCULINO","NO REPORTADO","ARTÍCULO 109. HOMICIDIO CULPOSO ( EN ACCIDENTE DE TRÁNSITO)","1"
"QUINDÍO","Calarca","63130000","VEHICULO","22/09/2022","FEMENINO","NO REPORTADO","ARTÍCULO 109. HOMICIDIO CULPOSO ( EN ACCIDENTE DE TRÁNSITO)","1"
"QUINDÍO","Calarca","63130000","VEHICULO","22/09/2022","FEMENINO","NO REPORTADO","ARTÍCULO 109. HOMICIDIO CULPOSO ( EN ACCIDENTE DE TRÁNSITO)","1"
"QUINDÍO","Calarca","63130001","VEHICULO","28/01/2011","MASCULINO","NO REPORTADO","ARTÍCULO 109. HOMICIDIO CULPOSO ( EN ACCIDENTE DE TRÁNSITO)","1"
"QUINDÍO","Calarca","63130000","VEHICULO","29/05/2011","MASCULINO","NO REPORTADO","ARTÍCULO 109. HOMICIDIO CULPOSO ( EN ACCIDENTE DE TRÁNSITO)","1"
"QUINDÍO","Calarca","63130000","VEHICULO","20/03/2011","FEMENINO","NO REPORTADO","ARTÍCULO 109. HOMICIDIO CULPOSO ( EN ACCIDENTE DE TRÁNSITO)","1"
"QUINDÍO","Calarca","63130000","VEHICULO","08/04/2011","MASCULINO","NO REPORTADO","ARTÍCULO 109. HOMICIDIO CULPOSO ( EN ACCIDENTE DE TRÁNSITO)","1"
"QUINDÍO","Calarca","63130000","VEHICULO","21/08/2011","MASCULINO","NO REPORTADO","ARTÍCULO 109. HOMICIDIO CULPOSO ( EN ACCIDENTE DE TRÁNSITO)","1"
"QUINDÍO","Calarca","63130000","VEHICULO","04/07/2011","MASCULINO","NO REPORTADO","ARTÍCULO 109. HOMICIDIO CULPOSO ( EN ACCIDENTE DE TRÁNSITO)","1"
"QUINDÍO","Calarca","63130001","VEHICULO","04/11/2011","MASCULINO","NO REPORTADO","ARTÍCULO 109. HOMICIDIO CULPOSO ( EN ACCIDENTE DE TRÁNSITO)","1"
"QUINDÍO","Calarca","63130000","VEHICULO","18/12/2011","MASCULINO","NO REPORTADO","ARTÍCULO 109. HOMICIDIO CULPOSO ( EN ACCIDENTE DE TRÁNSITO)","1"
"QUINDÍO","Calarca","63130001","VEHICULO","11/12/2011","FEMENINO","NO REPORTADO","ARTÍCULO 109. HOMICIDIO CULPOSO ( EN ACCIDENTE DE TRÁNSITO)","1"
"QUINDÍO","Calarca","63130000","VEHICULO","20/01/2012","MASCULINO","NO REPORTADO","ARTÍCULO 109. HOMICIDIO CULPOSO ( EN ACCIDENTE DE TRÁNSITO)","1"
"QUINDÍO","Calarca","63130001","VEHICULO","25/01/2012","FEMENINO","NO REPORTADO","ARTÍCULO 109. HOMICIDIO CULPOSO ( EN ACCIDENTE DE TRÁNSITO)","1"
"QUINDÍO","Calarca","63130001","VEHICULO","01/02/2012","MASCULINO","NO REPORTADO","ARTÍCULO 109. HOMICIDIO CULPOSO ( EN ACCIDENTE DE TRÁNSITO)","1"
"QUINDÍO","Calarca","63130000","VEHICULO","22/04/2012","MASCULINO","NO REPORTADO","ARTÍCULO 109. HOMICIDIO CULPOSO ( EN ACCIDENTE DE TRÁNSITO)","1"
"QUINDÍO","Calarca","63130000","VEHICULO","29/03/2012","FEMENINO","NO REPORTADO","ARTÍCULO 109. HOMICIDIO CULPOSO ( EN ACCIDENTE DE TRÁNSITO)","1"
"QUINDÍO","Calarca","63130000","VEHICULO","02/03/2012","MASCULINO","NO REPORTADO","ARTÍCULO 109. HOMICIDIO CULPOSO ( EN ACCIDENTE DE TRÁNSITO)","1"
"QUINDÍO","Calarca","63130000","VEHICULO","23/07/2012","FEMENINO","NO REPORTADO","ARTÍCULO 109. HOMICIDIO CULPOSO ( EN ACCIDENTE DE TRÁNSITO)","1"
"QUINDÍO","Calarca","63130000","VEHICULO","22/07/2012","MASCULINO","NO REPORTADO","ARTÍCULO 109. HOMICIDIO CULPOSO ( EN ACCIDENTE DE TRÁNSITO)","1"
"QUINDÍO","Calarca","63130000","VEHICULO","21/07/2012","MASCULINO","NO REPORTADO","ARTÍCULO 109. HOMICIDIO CULPOSO ( EN ACCIDENTE DE TRÁNSITO)","1"
"QUINDÍO","Calarca","63130000","VEHICULO","25/07/2012","MASCULINO","NO REPORTADO","ARTÍCULO 109. HOMICIDIO CULPOSO ( EN ACCIDENTE DE TRÁNSITO)","1"
"QUINDÍO","Calarca","63130001","VEHICULO","12/04/2012","MASCULINO","NO REPORTADO","ARTÍCULO 109. HOMICIDIO CULPOSO ( EN ACCIDENTE DE TRÁNSITO)","1"
"QUINDÍO","Calarca","63130000","VEHICULO","17/09/2012","MASCULINO","NO REPORTADO","ARTÍCULO 109. HOMICIDIO CULPOSO ( EN ACCIDENTE DE TRÁNSITO)","1"
"QUINDÍO","Calarca","63130000","VEHICULO","24/09/2012","MASCULINO","NO REPORTADO","ARTÍCULO 109. HOMICIDIO CULPOSO ( EN ACCIDENTE DE TRÁNSITO)","1"
"QUINDÍO","Calarca","63130000","VEHICULO","17/11/2012","MASCULINO","NO REPORTADO","ARTÍCULO 109. HOMICIDIO CULPOSO ( EN ACCIDENTE DE TRÁNSITO)","1"
"QUINDÍO","Calarca","63130001","VEHICULO","14/01/2012","MASCULINO","NO REPORTADO","ARTÍCULO 109. HOMICIDIO CULPOSO ( EN ACCIDENTE DE TRÁNSITO)","1"
"QUINDÍO","Calarca","63130001","VEHICULO","12/02/2012","MASCULINO","NO REPORTADO","ARTÍCULO 109. HOMICIDIO CULPOSO ( EN ACCIDENTE DE TRÁNSITO)","1"
"QUINDÍO","Calarca","63130000","VEHICULO","27/09/2012","MASCULINO","NO REPORTADO","ARTÍCULO 109. HOMICIDIO CULPOSO ( EN ACCIDENTE DE TRÁNSITO)","1"
"QUINDÍO","Calarca","63130000","VEHICULO","13/11/2012","MASCULINO","NO REPORTADO","ARTÍCULO 109. HOMICIDIO CULPOSO ( EN ACCIDENTE DE TRÁNSITO)","1"
"QUINDÍO","Calarca","63130000","VEHICULO","16/01/2013","MASCULINO","NO REPORTADO","ARTÍCULO 109. HOMICIDIO CULPOSO ( EN ACCIDENTE DE TRÁNSITO)","1"
"QUINDÍO","Calarca","63130000","VEHICULO","06/01/2013","MASCULINO","NO REPORTADO","ARTÍCULO 109. HOMICIDIO CULPOSO ( EN ACCIDENTE DE TRÁNSITO)","1"
"QUINDÍO","Calarca","63130000","VEHICULO","15/02/2013","MASCULINO","NO REPORTADO","ARTÍCULO 109. HOMICIDIO CULPOSO ( EN ACCIDENTE DE TRÁNSITO)","1"
"QUINDÍO","Calarca","63130000","VEHICULO","04/04/2013","MASCULINO","NO REPORTADO","ARTÍCULO 109. HOMICIDIO CULPOSO ( EN ACCIDENTE DE TRÁNSITO)","1"
